iso_code,family,language_name
axb,guai1249,Abipon
ash,,Aewa
tpx,otom1299,Acatepec Me'phaa
aca,araw1281,Achagua
guq,tupi1275,Aché
acr,maya1287,Achi
acc,book1242,"Achi', Cubulco"
acv,pala1350,Achumawi
acu,jiva1245,Achuar-Shiwiar
acs,nucl1710,Acroá
xad,,Adai
afs,indo1319,Afro-Seminole Creole
avo,unat1236,Agavotaguerra
aga,unat1236,Aguano
agu,maya1287,Aguacateco
agr,jiva1245,Aguaruna
aht,atha1245,Ahtena
tba,,Aikanã
cpc,araw1281,Ajyíninka Apurucayali
ake,cari1283,Akawaio-Ingariko
aqz,tupi1275,Akuntsu
ako,cari1283,Akurio
akz,musk1252,Alabama
mim,otom1299,Alacatlatzala Mixtec
apv,unat1236,Alapmunte
lsc,sign1238,Albarradas Sign Language
xta,otom1299,Alcozauca Mixtec
ale,eski1264,Aleut
alq,algi1248,Algonquin
zaq,otom1299,Aloápam Zapotec
aes,,Alsea-Yaquina
amc,pano1259,Amahuaca
ama,tupi1275,Amanayé
amr,hara1260,Amarakaeri
zpo,otom1299,Amatlán Zapotec
qva,quec1387,Ambo-Pasco Quechua
ase,sign1238,American Sign Language
mbz,otom1299,Amoltepec Mixtec
adw,tupi1275,Amundava
aan,tupi1275,Anambé
ana,,Andaqui
anb,zapa1251,Andoa
ano,,Andoque
aqt,leng1261,Angaité
tnd,chib1249,Angosturas Tunebo
ans,choc1280,Anserma
aig,indo1319,Antigua and Barbuda Creole English
xap,musk1252,Apalachee
apy,cari1283,Apalaí
mip,otom1299,Apasco-Apoala Mixtec
api,tupi1275,Apiaká
apn,nucl1710,Apinayé
apu,araw1281,Apurinã
arl,zapa1251,Arabela
xrt,uncl1493,Aranama
aro,pano1259,Araona
arp,algi1248,Arapaho
arj,tuca1253,Arapaso
awt,tupi1275,Araweté
arw,araw1281,Lokono
qxu,quec1387,Arequipa-La Unión Quechua
aed,sign1238,Argentine Sign Language
arh,chib1249,Arhuaco
ari,cadd1255,Arikara
ait,tupi1275,Arikem
ark,nucl1710,Arikapú
aoh,unat1236,Arma
arx,tupi1275,Aruá (Rondonia State)
aru,araw1282,Arawá (Amazonas State)
atx,,Arutani
cni,araw1281,Asháninka
prq,araw1281,Ashéninka Perené
cjo,araw1281,Ashéninka Pajonal
asb,siou1252,Assiniboine
zoo,otom1299,Asunción Mixtepec Zapotec
aqp,,Atakapa
mib,otom1299,Atatláhuca Mixtec
atj,algi1248,Atikamekw
aox,araw1281,Atorada
atc,pano1259,Atsahuaca
atw,pala1350,Atsugewi
ocu,otom1299,Atzingo Matlatzinca
aux,tupi1275,Aurê y Aurá
avs,zapa1251,Aushiri
avv,tupi1275,Avá-Canoeiro
kwi,barb1265,Awa-Cuaiquer
awe,tupi1275,Awetí
quy,quec1387,Ayacucho Quechua
vmy,otom1299,Ayautla Mazatec
zaf,otom1299,Ayoquesco Zapotec
ayo,zamu1243,Ayoreo
miy,otom1299,Ayutla Mixtec
tpc,otom1299,Azoyú Me'phaa
bcr,atha1245,Witsuwit'en-Babine
bah,indo1319,Bahamas Creole English
bjs,indo1319,Bajan
bkq,cari1283,Bakairí
bwi,araw1281,Baniwa do Icana
bsn,tuca1253,Barasana-Eduria
bpb,unat1236,Barbacoas
boi,chum1262,Barbareño
bae,araw1281,Baré
mot,chib1249,Barí
tbn,chib1249,Barro Negro Tunebo
brg,araw1281,Baure
mkq,miwo1274,Bay Miwok
bea,atha1245,Beaver
bzj,indo1319,Belize Kriol English
blc,sali1255,Bella Coola
bue,,Beothuk
brc,indo1319,Berbice Creole Dutch
bll,siou1252,Biloxi
bvl,sign1238,Bolivian Sign Language
boa,bora1262,Bora
kvn,chib1249,Border Kuna
bor,boro1281,Bororo
brn,chib1249,Boruca
bzs,sign1238,Brazilian Sign Language
bzd,chib1249,Bribri
rib,sign1238,Bribri Sign Language
rnb,sign1238,Brunca Sign Language
sab,chib1249,Buglere
cjp,chib1249,Cabécar
cbb,araw1281,Cabiyarí
ccr,misu1242,Cacaopera
miu,otom1299,Cacaloxtepec Mixtec
cbv,kaku1242,Kakua
cad,cadd1255,Caddo
ccd,indo1319,Cafundo
cbh,book1242,Cagua
chl,utoa1244,Cahuilla
cah,zapa1251,Cahuarano
qvc,quec1387,Cajamarca Quechua
qvl,quec1387,Cajatambo North Lima Quechua
zad,otom1299,Cajonos Zapotec
frc,indo1319,Louisiana French
ckz,maya1287,Kakchikel-K'iche' Mixed Language
qud,quec1387,Calderón Highland Quichua
caw,spee1234,Callawalla
kbh,,Camsá
qxr,quec1387,Cañar-Azuay-South Chimborazo Highland Quichua
cbu,,Candoshi-Shapra
ram,nucl1710,Central-Southern Timbira
caz,,Canichana
kaq,pano1259,Capanahua
cot,araw1281,Caquinte
cby,uncl1493,Carabayo
crf,choc1280,Caramanta
cbc,tuca1253,Carapana
hns,indo1319,Caribbean Hindustani
jvn,aust1307,Caribbean Javanese
cbd,cari1283,Carijona
crr,algi1248,Carolina Algonquian
crx,atha1245,Central Carrier
cbr,pano1259,Cashibo-Cacataibo
cbs,pano1259,Cashinahua
chc,siou1252,Catawba
cca,book1242,Cauca
cav,pano1259,Cavineña
xcy,,Cayuse
cay,iroq1247,Cayuga
cyb,,Cayubaba
esu,eski1264,Central Alaskan Yupik
tar,utoa1244,Central Tarahumara
nhn,utoa1244,Tlaxcala-Puebla-Central Nahuatl
ncx,utoa1244,Central Puebla Nahuatl
nch,utoa1244,Central Huasteca Nahuatl
ojc,algi1248,Central Ojibwa
poo,pomo1273,Central Pomo
csm,miwo1274,Central Sierra Miwok
ayr,ayma1253,Central Aymara
maz,otom1299,Central Mazahua
pbs,otom1299,Central Pame
tuf,chib1249,Central Tunebo
cbi,barb1265,Cha'palaa
quk,quec1387,Chachapoyas Quechua
cao,pano1259,Chácobo
ciy,cari1283,Chaima
ceg,zamu1243,Chamacoco
ccc,araw1281,Chamicuro
cbt,cahu1265,Shawi
mih,otom1299,Chayuco Mixtec
xtb,otom1299,Chazumba Mixtec
chr,iroq1247,Cherokee
ctc,book1242,Chetco
chy,algi1248,Cheyenne
cip,otom1299,Chiapanec
chb,chib1249,Chibcha
cic,musk1252,Chickasaw
cob,maya1287,Chicomuceltec
pei,otom1299,Chichimeca-Jonaz
trs,otom1299,Chicahuaxtla Triqui
zpv,otom1299,Chichicapan Zapotec
mii,otom1299,Chigmecatitlán Mixtec
csg,sign1238,Chilean Sign Language
clc,atha1245,Chilcotin-Nicola
csa,otom1299,Chiltepec Chinantec
cqu,book1242,Chilean Quechua
zoh,mixe1284,Chimalapa Zoque
cid,,Chimariko
qug,quec1387,Bolivar-North Chimborazo Highland Quichua
cbg,chib1249,Chimila
xch,chim1311,Chimakum
chn,chin1490,Creolized Grand Ronde Chinook Jargon
chh,chin1490,Clatsop-Shoalwater Chinook
qxc,quec1387,Chincha Quechua
cbe,book1242,Chipiajes
ciw,algi1248,Chippewa
chp,atha1245,Chipewyan
cap,uruc1242,Chipaya
cax,chiq1253,Lomeriano-Ignaciano Chiquitano
qxa,quec1387,Chiquián Ancash Quechua
maq,otom1299,Chiquihuitlán Mazatec
nhd,tupi1275,Chiripá
ctm,,Chitimacha
zpc,otom1299,Choapan Zapotec
cho,musk1252,Choctaw
coz,otom1299,Chochotec
ctu,maya1287,Chol
cht,hibi1242,Cholón
cti,book1242,"Chol, Tila"
caa,maya1287,Ch'orti'
cjr,book1242,Chorotega
cac,maya1287,Chuj
cnm,book1242,"Chuj, Ixtatán"
chs,book1242,Chumash
cin,tupi1275,Cinta Larga
clm,sali1255,Clallam
nci,utoa1244,Classical Nahuatl
qwc,quec1387,Classical Quechua
xcw,,Coahuilteco
csi,miwo1274,Coast Miwok
mco,mixe1284,Coatlán Mixe
naz,utoa1244,Coatepec Nahuatl
miz,otom1299,Coatzospan Mixtec
zps,otom1299,Coatlán Zapotec
zca,otom1299,Coatecas Altas Zapotec
cod,tupi1275,Cocama-Cocamilla
coj,coch1271,Cochimi
coc,coch1271,Cocopa
crd,sali1255,Coeur d'Alene
con,,Cofán
kog,chib1249,Cogui
csn,sign1238,Colombian Sign Language
gct,indo1319,Colonia Tovar German
cof,barb1265,Tsafiki
col,sali1255,Columbia-Wenatchi
com,utoa1244,Comanche
cco,otom1299,Comaltepec Chinantec
xcm,,Comecrudan
coo,sali1255,Comox
csz,coos1248,Hanis
zoc,mixe1284,Central-South Chiapas Zoque
trc,otom1299,Copala Triqui
coq,atha1245,Coquille
qwa,quec1387,Corongo Ancash Quechua
xxr,nucl1710,Koropó
csr,sign1238,Costa Rican Sign Language
xcn,,Cotoname
cow,sali1255,Cowlitz
kox,book1242,Coxima
coy,book1242,Coyaima
pbf,otom1299,Coyotepec Popoloca
toc,toto1251,Coyutla Totonac
mus,musk1252,Creek
gyn,indo1319,Guyanese Creole English
cro,siou1252,Crow
crz,chum1262,Cruzeño
csf,sign1238,Cuba Sign Language
cub,tuca1253,Cubeo
cui,guah1252,Cuiba
cuy,,Cuitlatec
cul,araw1282,Culina
cuo,cari1283,Cumanagoto
cum,book1242,Cumeral
cup,utoa1244,Cupeño
kpc,araw1281,Curripaco
quz,quec1387,Cusco Quechua
xtu,otom1299,Cuyamecalco Mixtec
dak,siou1252,Dakota
kwa,nada1235,Dâw
ing,atha1245,Degexit'an
dny,araw1282,Deni
des,tuca1253,Desano
dtd,waka1280,Ditidaht
xtd,otom1299,Diuxi-Tilantongo Mixtec
jbt,nucl1710,Djeoromitxí
dgr,atha1245,Dogrib
doq,sign1238,Dominican Sign Language
kee,kere1287,Eastern Keres
ike,eski1264,Eastern Canadian Inuktitut
nhe,utoa1244,Eastern Huasteca Nahuatl
ojg,algi1248,Eastern Ojibwa
aaq,algi1248,Eastern Abenaki
peb,pomo1273,Eastern Pomo
qve,quec1387,Eastern Apurímac Quechua
gui,tupi1275,Eastern Bolivian Guaraní
otm,otom1299,Eastern Highland Otomi
cly,otom1299,Eastern Highland Chatino
azd,utoa1244,Eastern Durango Nahuatl
ecs,sign1238,Ecuadorian Sign Language
zpp,otom1299,El Alto Zapotec
crn,utoa1244,El Nayar Cora
zte,otom1299,Elotepec Zapotec
bdc,choc1280,Emberá-Baudó
cto,choc1280,Emberá-Catío
tdc,choc1280,Emberá-Tadó
cmi,choc1280,Emberá-Chamí
eme,tupi1275,Teko
emo,book1242,Emok
pbh,cari1283,Panare
unk,araw1281,Enawené-Nawé
sja,choc1280,Epena
emy,maya1287,Epigraphic Mayan
ese,pano1259,Ese Ejja
esq,,Esselen
ots,otom1299,Estado de México Otomi
eud,utoa1244,Eudeve
eya,atha1245,Eyak
tlp,toto1251,Filomeno Mata Totonac
zos,mixe1284,Northern Chiapas Zoque
fun,,Fulniô
gce,atha1245,Galice
car,cari1283,Galibi Carib
cab,araw1281,Garifuna
gvo,tupi1275,Gavião Do Jiparaná
git,tsim1258,Gitxsan
gcl,indo1319,Grenadian Creole English
ats,algi1248,Gros Ventre
gcf,indo1319,Guadeloupe-Martinique Creole French
guh,guah1252,Sikuani
gvj,tupi1275,Guajá
gum,barb1265,Guambiano
gva,leng1261,Guaná (Paraguay)
gvc,tuca1253,Kotiria
gyr,tupi1275,Guarayu
gae,araw1281,Baniva de Maroa
gsm,sign1238,Guatemalan Sign Language
gta,,Guató
guo,guah1252,Guayabero
ngu,utoa1244,Central Guerrero Nahuatl
amu,otom1299,Guerrero Amuzgo
zpg,otom1299,Guevea De Humboldt Zapotec
gcr,indo1319,Guianese Creole French
ztu,otom1299,Güilá Zapotec
gul,indo1319,Sea Island Creole English
gwi,atha1245,Gwich'in
has,waka1280,Haisla
hvc,uncl1493,Haitian Vodoun Culture Language
hat,indo1319,Haitian
hur,sali1255,Halkomelem
haa,atha1245,Han
yuf,coch1271,Havasupai-Walapai-Yavapai
hei,waka1280,Heiltsuk-Oowekyala
hib,hibi1242,Hibito
hid,siou1252,Hidatsa
chd,tequ1244,Highland Oaxaca Chontal
tos,toto1251,Highland Totonac
poi,mixe1284,Highland Popoluca
azz,utoa1244,Highland Puebla Nahuatl
hir,unat1236,Himarimã
hix,cari1283,Hixkaryána
win,siou1252,Ho-Chunk
hoi,atha1245,Holikachuk
hds,sign1238,Honduras Sign Language
hop,utoa1244,Hopi
hug,hara1260,Huachipaeri
qub,quec1387,Huallaga Huánuco Quechua
hub,jiva1245,Huambisa
qvh,quec1387,Huamalíes-Dos de Mayo Huánuco Quechua
var,utoa1244,Huarijio
hus,maya1287,Huastec
hva,book1242,"Huastec, San Luís Potosí"
hsf,book1242,"Huastec, Southeastern"
mau,otom1299,Huautla Mazatec
nhq,utoa1244,Huaxcaleca Nahuatl
qwh,quec1387,Huaylas Ancash Quechua
qvw,quec1387,Huaylla Wanca Quechua
tee,toto1251,Huehuetla Tepehua
hch,utoa1244,Huichol
huh,arau1255,Huilliche
mxs,otom1299,Huitepec Mixtec
hup,atha1245,Hupa-Chilula
jup,nada1235,Hup
geh,indo1319,Hutterite German
iap,book1242,Iapama
ign,araw1281,Ignaciano
txi,cari1283,Ikpeng
qvi,quec1387,Imbabura Highland Quichua
inp,araw1281,Iñapari
inz,chum1262,Ineseño
inb,quec1387,Colombian Inga
iks,sign1238,Inuit Sign Language
iow,siou1252,Iowa-Oto
azm,otom1299,Ipalapa Amuzgo
iqu,zapa1251,Iquito
irn,,Irántxe-Münkü
isc,pano1259,Isconahua
crb,araw1281,Island Carib
mir,mixe1284,Isthmus Mixe
nhk,utoa1244,Isthmus-Cosoleacaque Nahuatl
nhp,utoa1244,Isthmus-Pajapan Nahuatl
nhx,utoa1244,Isthmus-Mecayapan Nahuatl
zai,otom1299,Isthmus Zapotec
ite,chap1271,Itene
ito,,Itonama
mce,otom1299,Itundujia Mixtec
itz,maya1287,Itza'
ixc,otom1299,Ixcatec
mzi,otom1299,Ixcatlán Mazatec
ixl,maya1287,Ixil
vmj,otom1299,Ixtayutla Mixtec
otz,otom1299,Ixtenco Otomi
crt,mata1289,Riverine Chorote
crq,mata1289,Forest Chorote
jai,book1242,"Jakalteko, Western"
maj,otom1299,Jalapa De Díaz Mazatec
jcs,sign1238,Jamaican Country Sign Language
jaa,araw1282,Madi
jam,indo1319,Jamaican Creole English
jls,sign1238,Jamaican Sign Language
mxt,otom1299,Jamiltepec Mixtec
jru,cari1283,Japrería
jqr,ayma1253,Jaqaru
qxw,quec1387,Jauja Wanca Quechua
jeb,cahu1265,Jebero
tow,kiow1265,Towa
apj,atha1245,Jicarilla Apache
jor,tupi1275,Jorá
jua,tupi1275,Júma
mxq,mixe1284,Juquila Mixe
jur,tupi1275,Yudja
vmc,otom1299,Juxtlahuaca Mixtec
xbx,book1242,Kabixí
kbc,guai1249,Kadiwéu
xai,uncl1493,Kaimbé
kgp,nucl1710,Kaingang
kgk,tupi1275,Kaiwá
kbf,book1242,Kakauhua
kal,eski1264,Kalaallisut
kyl,kala1402,Central Kalapuya
fla,sali1255,Kalispel-Pend d'Oreille
vkm,kama1371,Kamakan
kay,tupi1275,Kamayurá
xbw,uncl1493,Kambiwá
xba,book1242,Kamba (Brazil)
knm,katu1274,Katukína-Kanamarí
kxo,,Kanoê
ksk,siou1252,Kansa
xpn,uncl1493,Kapinawá
cak,maya1287,Kaqchikel
cbm,book1242,"Kaqchikel, Yepocapa Southwestern"
ckd,book1242,"Kaqchikel, South Central"
cke,book1242,"Kaqchikel, Eastern"
ckf,book1242,"Kaqchikel, Southern"
ckc,book1242,"Kaqchikel, Northern"
cki,book1242,"Kaqchikel, Santa María de Jesús"
ckk,book1242,"Kaqchikel, Akatenango Southwestern"
ckj,book1242,"Kaqchikel, Santo Domingo Xenacoj"
ckw,book1242,"Kaqchikel, Western"
zkk,,Karankawa
xkh,unat1236,Karahawyana
kpj,nucl1710,Karajá
kzw,uncl1493,Karirí-Xocó
kmv,indo1319,Uaçá Creole French
kgm,book1242,Karipuna do Amapa
ktn,tupi1275,Karitiâna
kuq,tupi1275,Karipúna
krb,miwo1274,Karkin
kyh,,Karuk
arr,tupi1275,Karo (Brazil)
kju,pomo1273,Kashaya
kkz,atha1245,Kaska
xat,katu1274,Katawixi
ktw,atha1245,Kato
xaw,utoa1244,Kawaiisu
ktx,pano1259,Kaxararí
kbb,cari1283,Kaxuiâna
kyz,tupi1275,Kayabí
txu,nucl1710,Mebengokre
kek,maya1287,Q'eqchi'
kpn,tupi1275,Kepkiriwát
quc,maya1287,K'iche'
qxi,book1242,"K'iche', San Andrés"
cun,book1242,"K'iche', Cunén"
quu,book1242,"K'iche', Eastern"
qut,book1242,"K'iche', West Central"
quj,book1242,"K'iche', Joyabaj"
kic,algi1248,Kickapoo
klb,coch1271,Kiliwa
apk,atha1245,Kiowa Apache
kio,kiow1265,Kiowa
kii,cadd1255,Kitsai
kla,,Klamath-Modoc
tlh,arti1236,Klingon
cku,musk1252,Koasati
coe,tuca1253,Koreguaje
xor,pano1259,Korubo
avk,arti1236,Kotava
koy,atha1245,Koyukon
kqq,nucl1710,Borum
xre,nucl1710,Northeastern Timbira
kui,cari1283,Kuikúro-Kalapálo
xpk,pano1259,Kulina Pano
dih,coch1271,Tipai
kuz,,Kunza
kyr,tupi1275,Kuruáya
kut,,Kutenai
kwk,waka1280,Kwak'wala
qwt,atha1245,Kwalhioqua-Clatskanie
xwa,,Kwaza
kww,indo1319,Kwinti
ldn,arti1236,Láadan
lac,maya1287,Lacandon
zpl,otom1299,Lachixío Zapotec
zpa,otom1299,Lachiguiri Zapotec
lmw,miwo1274,Lake Miwok
lkt,siou1252,Lakota
lkd,namb1299,Lakondê
cnl,otom1299,Lalana Chinantec
quf,quec1387,Lambayeque Quechua
ztl,otom1299,Lapaguía-Guivini Zapotec
ltn,namb1299,Latundê
lre,iroq1247,Laurentian
cle,otom1299,Lealao Chinantec
lec,,Leco
lil,sali1255,Lillooet
qlm,indo1319,Limonese Creole
lfn,arti1236,Lingua Franca Nova
apl,atha1245,Lipan Apache
qvj,quec1387,Loja Highland Quichua
jbo,arti1236,Lojban
spq,indo1319,Peruvian Amazonian Spanish
lou,indo1319,Louisiana Creole French
xlo,algi1248,Nipmuck
xlb,algi1248,Loup B
taa,atha1245,Lower Tanana
cea,sali1255,Lower Chehalis
clo,tequ1244,Lowland Oaxaca Chontal
tac,utoa1244,Western Tarahumara
ztp,otom1299,Loxicha Zapotec
luq,atla1278,Lucumi
lui,utoa1244,Luiseno-Juaneño
ule,,Lule
lmz,unat1236,Lumbee
lut,sali1255,Northern Lushootseed
mbn,guah1252,Hitnu
mca,mata1289,Maká
mcl,tuca1253,Macaguaje
mcb,araw1281,Machiguenga
mpd,araw1281,Machinere
wpc,sali1297,Maco
mbc,cari1283,Macushi
myy,tuca1253,Macuna
xtm,otom1299,Magdalena Peñasco Mixtec
mjy,algi1248,Mahican
myh,waka1280,Makah
xak,,Máku
mpu,tupi1275,Makuráp
mbp,chib1249,Malayo
pqm,algi1248,Malecite-Passamaquoddy
gut,chib1249,Maléku Jaíka
tcf,otom1299,Malinaltepec Me'phaa
wmd,namb1299,Mamaindé
mvc,book1242,"Mam, Central"
mam,maya1287,Mam
mms,book1242,"Mam, Southern"
mpf,book1242,"Mam, Tajumulco"
mvj,book1242,"Mam, Todos Santos Cuchumatán"
mhq,siou1252,Mandan
mht,araw1281,Mandahuaca
mpw,araw1281,Mapidian-Mawayana
mcg,cari1283,Mapoyo
arn,arau1255,Mapudungun
mch,cari1283,Ye'kwana
qvm,quec1387,Margos-Yarowilca-Lauricocha Quechua
nsr,sign1238,Maritime Sign Language
mrc,coch1271,Maricopa
msp,tupi1275,Manitsauá
mre,sign1238,Martha's Vineyard Sign Language
mzr,pano1259,Marúbo
cuj,araw1281,Mashco Piro
mhh,book1242,Maskoy Pidgin
mtn,misu1242,Matagalpa
mzo,cari1283,Matipuhy
mpq,pano1259,Matís
axg,,Mato Grosso Arára
mcf,pano1259,Matsés
mvb,atha1245,Mattole-Bear River
mzx,book1242,Mawayana
mbl,nucl1710,Maxakalí
yan,misu1242,Mayangna
yus,book1242,"Maya, Chan Santa Cruz"
mfy,utoa1244,Mayo
mzl,mixe1284,Mazatlán Mixe
zpy,otom1299,Mazaltepec Zapotec
vmz,otom1299,Mazatlán Mazatec
gun,tupi1275,Mbyá Guaraní
mue,mixe1287,Media Lengua
mmh,araw1281,Mehináku
mez,algi1248,Menominee
apm,atha1245,Mescalero-Chiricahua Apache
sac,algi1248,Meskwaki
mxv,otom1299,Metlatónoc Mixtec
mfs,sign1238,Mexican Sign Language
pbe,otom1299,Mezontla Popoloca
ote,otom1299,Mezquital Otomi
zam,otom1299,Cuixtla-Xitla Zapotec
mia,algi1248,Miami
xmi,unat1236,Miarrã
crg,algi1248,Heritage Michif
ncl,utoa1244,Michoacán Nahuatl
mmc,otom1299,Michoacán Mazahua
mik,musk1252,Mikasuki
mic,algi1248,Mi'kmaq
iml,coos1248,Miluk
hto,huit1251,Minica Huitoto
mmv,tuca1253,Miriti
miq,misu1242,Mískito
vmm,otom1299,Mitlatongo Mixtec
zaw,otom1299,Mitla Zapotec
mix,otom1299,Mixtepec Mixtec
zpm,otom1299,Mixtepec Zapotec
mod,pidg1258,Mobilian
mhc,maya1287,Mocho
omc,,Mochica
moc,guai1249,Mocoví
mov,coch1271,Mohave
moh,iroq1247,Mohawk
mof,algi1248,Mohegan-Montauk-Narragansett
mbe,,Molale
mom,otom1299,Mangue
mnr,utoa1244,Mono (USA)
moe,algi1248,Montagnais
crm,algi1248,Moose Cree
mop,maya1287,Mopan
nhm,utoa1244,Morelos Nahuatl
xmo,unat1236,Morerebi
cas,,Mosetén-Chimané
mzp,,Movima
bmr,bora1262,Muinane
myu,tupi1275,Mundurukú
myr,,Muniche
umu,algi1248,Munsee
huu,huit1251,Murui Huitoto
css,miwo1274,Mutsun
mbj,nada1235,Nadëb
nnt,algi1248,Nanticoke
cox,araw1281,Nanti
qvo,quec1387,Napo Lowland Quechua
nsk,algi1248,Naskapi
nts,book1242,Natagaimas
ncz,,Natchez
nav,atha1245,Navajo
nwa,algi1248,Nawathinehena
njt,pidg1258,Ndyuka-Trio Pidgin
djk,indo1319,Aukan
dcr,indo1319,Virgin Islands Dutch Creole
nez,saha1239,Nez Perce
gym,chib1249,Ngäbere
yrl,tupi1275,Nhengatu
ncs,sign1238,Nicaraguan Sign Language
bzk,indo1319,Nicaragua Creole English
shb,yano1268,Ninam
nsz,maid1262,Nisenan
ncg,tsim1258,Nisga'a
cag,mata1289,Nivaclé
nom,book1242,Nocamán
not,araw1281,Nomatsiguenga
noj,huit1251,Nonuya
nok,sali1255,Nooksack
noo,book1242,Nootka
cya,otom1299,Nopala Chatino
twf,kiow1265,Taos Northern Tiwa
crl,algi1248,Northern East Cree
hdn,haid1248,Northern Haida
neq,mixe1284,North Central Mixe
ttm,atha1245,Northern Tutchone
scs,atha1245,North Slavey
esi,eski1264,North Alaskan Inupiatun
esk,eski1264,Seward Alaska Inupiatun
mjd,maid1262,Northwest Maidu
nmu,maid1262,Northeast Maidu
pao,utoa1244,Northern Paiute
thh,utoa1244,Northern Tarahumara
ncj,utoa1244,Northern Puebla Nahuatl
nhy,utoa1244,Northern Oaxaca Nahuatl
ntp,utoa1244,Northern Tepehuan
ojb,algi1248,Northwestern Ojibwa
pej,pomo1273,Northern Pomo
pef,pomo1273,Northeastern Russian River Pomo
nsq,miwo1274,Northern Sierra Miwok
cst,miwo1274,San Francisco Bay Ohlone
enl,leng1261,Enlhet Norte
emp,choc1280,Northern Emberá
qvz,quec1387,Northern Pastaza Quichua
qul,quec1387,North Bolivian Quechua
qxn,quec1387,Northern Conchucos Ancash Quechua
qvn,quec1387,North Junín Quechua
pmq,otom1299,Northern Pame
xtn,otom1299,Northern Tlaxiaco Mixtec
mxa,otom1299,Northwest Oaxaca Mixtec
ntw,iroq1247,Nottoway
tsi,tsim1258,Southern-Coastal Tsimshian
kav,book1242,Katukína
mbr,kaku1242,Nukak Makú
nuc,pano1259,Nukuini
hux,huit1251,Nüpode Huitoto
nuk,waka1280,Nuu-chah-nulth
obi,chum1262,Obispeño
oca,huit1251,Ocaina
mie,otom1299,Ocotepec Mixtec
zac,otom1299,Ocotlán Zapotec
opy,nucl1710,Ofayé
ofo,siou1252,Ofo
chj,otom1299,Ojitlán Chinantec
oka,sali1255,Okanagan
plo,mixe1284,Oluta Popoluca
omg,tupi1275,Omagua
oma,siou1252,Omaha-Ponca
ome,book1242,Omejes
nht,utoa1244,Ometepec Nahuatl
omu,,Omurano
ona,chon1288,Selk'nam
one,iroq1247,Oneida
ono,iroq1247,Onondaga
opt,utoa1244,Teguima
ore,tuca1253,Maijiki
nlv,utoa1244,Orizaba Nahuatl
orw,chap1271,Oro Win
osa,siou1252,Osage
oti,,Oti
otw,algi1248,Ottawa
otu,boro1281,Otuke
zao,otom1299,Ozolotepec Zapotec
chz,otom1299,Ozumacín Chinantec
qvp,quec1387,Pacaraos Quechua
pcp,pano1259,Pacahuara
ems,eski1264,Pacific Gulf Yupik
pbb,,Páez
ppi,coch1271,Paipai
pta,tupi1275,Pai Tavytera
cpa,otom1299,Palantla Chinantec
pln,indo1319,Palenquero
plu,araw1281,Palikúr
par,utoa1244,Panamint
qxh,quec1387,Panao Huánuco Quechua
kre,nucl1710,Panará
lsp,sign1238,Panamanian Sign Language
pax,unat1236,Pankararé
paz,,Pankararú
knt,pano1259,Panoan Katukína
pno,pano1259,Panobo
top,toto1251,Papantla Totonac
ppv,unat1236,Papavô
pap,indo1319,Papiamento
aap,cari1283,Pará Arára
gug,tupi1275,Paraguayan Guaraní
pak,tupi1275,Parakanã
paf,tupi1275,Paranawát
gvp,nucl1710,Pará Gavião
pbg,araw1281,Paraujano
pys,sign1238,Paraguayan Sign Language
pab,araw1281,Parecís
pth,nucl1710,Pataxó Hã-Ha-Hãe
pbc,cari1283,Patamona
pwi,wint1258,Patwin
pad,araw1282,Paumari
pnk,araw1281,Paunaka
psm,tupi1275,Warázu
paw,cadd1255,Pawnee
pay,chib1249,Pech
pev,cari1283,Pémono
aoc,cari1283,Pemon
pdc,indo1319,Pennsylvania German
mil,otom1299,Peñoles Mixtec
ptw,sali1255,Pentlatch
prl,sign1238,Peruvian Sign Language
zpe,otom1299,Petapa Zapotec
pio,araw1281,Piapoco
pid,sali1297,Piaroa
cpu,araw1281,Pichis Ashéninka
dep,pidg1258,Pidgin Delaware
pij,uncl1493,Pijao
plg,guai1249,Pilagá
pia,utoa1244,Pima Bajo
mio,otom1299,Pinotepa Nacional Mixtec
ppl,utoa1244,Pipil
myp,,Pirahã
pir,tuca1253,Wa'ikhana
pie,kiow1265,Piro
tpp,toto1251,Pisaflores Tepehua
pig,unat1236,Pisabo
psy,algi1248,Piscataway
psd,sign1238,Plains Indian Sign Language
crk,algi1248,Plains Cree
pmw,miwo1274,Plains Miwok
pdt,indo1319,Plautdietsch
gob,guah1252,Playero
xpo,utoa1244,Pochutec
pod,book1242,Ponares
jac,maya1287,Popti'
poc,maya1287,Poqomam
poh,maya1287,Poqomchi'
pou,book1242,"Poqomam, Southern"
pob,book1242,"Poqomchi', Western"
poa,book1242,"Poqomam, Eastern"
pot,algi1248,Potawatomi
pim,algi1248,Powhatan
pyn,pano1259,Poyanáwa
prz,sign1238,Providencia Sign Language
pbm,otom1299,Puebla and Northeastern Mazatec
pue,,Puelche
psl,sign1238,Puerto Rican Sign Language
pui,,Puinave
yae,,Pumé
qxp,quec1387,Puno Quechua
puq,,Puquina
tsz,tara1323,Purepecha
puy,chum1262,Purisimeño
prr,puri1261,Puri
pur,tupi1275,Puruborá
kjb,maya1287,Q'anjob'al
alc,kawe1237,Qawasqar
qua,siou1252,Quapaw
fcs,sign1238,Quebec Sign Language
yum,coch1271,Quechan
otq,otom1299,Querétaro Otomi
pxm,book1242,Quetzaltepec Mixe
zpj,otom1299,Quiavicuzas Zapotec
qui,chim1311,Quileute
qun,sali1255,Quinault
chq,otom1299,Quiotepec Chinantec
ztq,otom1299,Quioquitani-Quieri Zapotec
rma,chib1249,Rama
zor,mixe1284,Northeast Chiapas Zoque
rem,pano1259,Remo of the Moa river
rgr,araw1281,Resígaro
rey,pano1259,Reyesano
rkb,nucl1710,Rikbaktsa
zar,otom1299,Rincón Zapotec
hrx,indo1319,Hunsrik
rmv,arti1236,Romanova
rna,unat1236,Runa
sae,namb1299,Sabanê
quv,maya1287,Sacapulteco
acf,indo1319,Saint Lucian Creole French
skf,tupi1275,Mekens
qxl,quec1387,Tungurahua Highland Quichua
mnd,tupi1275,Salamãi
sln,,Salinan
slc,sali1297,Sáliba
slj,book1242,Salumá
esn,sign1238,Salvadoran Sign Language
sap,book1242,Sanapaná (Retired)
ztm,otom1299,San Agustín Mixtepec Zapotec
icr,indo1319,San Andres Creole English
spn,leng1261,Sanapaná
zpx,otom1299,San Baltazar Loxicha Zapotec
cuk,chib1249,San Blas Kuna
hve,huav1256,San Dionisio del Mar Huave
hue,huav1256,San Francisco del Mar Huave
mat,otom1299,San Francisco Matlatzinca
pow,otom1299,San Felipe Otlaltepec Popoloca
xso,uncl1493,San Francisco Solano
mjc,otom1299,San Juan Colorado Mixtec
xtj,otom1299,Teita-Tataltepec Mixtec
zab,otom1299,Western Tlacolula Valley Zapotec
poe,otom1299,San Juan Atzingo Popoloca
maa,otom1299,San Jerónimo Tecóatl Mazatec
pps,otom1299,San Luís Temalacayuca Popoloca
huv,huav1256,San Mateo del Mar Huave
qvs,quec1387,San Martín Quechua
xtp,otom1299,San Miguel Piedras Mixtec
mig,otom1299,San Miguel El Grande Mixtec
trq,otom1299,San Martín Itunyoso Triqui
pls,otom1299,San Marcos Tlalcoyalco Popoloca
azg,otom1299,San Pedro Amuzgos Amuzgo
zpf,otom1299,San Pedro Quiatoni Zapotec
hvv,huav1256,Santa María del Mar Huave
nhz,utoa1244,Santa María La Alta Nahuatl
cok,utoa1244,Santa Teresa Cora
qus,quec1387,Santiago del Estero Quichua
mza,otom1299,Santa María Zacatepec Mixtec
mdv,otom1299,Santa Lucía Monteverde Mixtec
zpn,otom1299,Santa Inés Yatzechi Zapotec
ztn,otom1299,Santa Catarina Albarradas Zapotec
zas,otom1299,Santo Domingo Albarradas Zapotec
zpi,otom1299,Santa María Quiegolani Zapotec
zpr,otom1299,Santiago Xanica Zapotec
pca,otom1299,Santa Inés Ahuatempan Popoloca
xsu,yano1268,Sanumá
zpt,otom1299,San Vicente Coatlán Zapotec
zkp,nucl1710,São Paulo Kaingáng
spc,,Sapé
sar,araw1281,Saraveca
srm,indo1319,Saramaccan
srs,atha1245,Sarsi
mav,tupi1275,Sateré-Mawé
pos,mixe1284,Sayula Popoluca
sec,sali1255,Sechelt
sey,tuca1253,Secoya
sek,atha1245,Sekani
see,iroq1247,Seneca
sni,pano1259,Sensi
sei,,Seri
ser,utoa1244,Serrano
ojs,algi1248,Severn Ojibwa
swo,pano1259,Shanenawa
mcd,pano1259,Sharanahua
sht,shas1238,Shasta
sjw,algi1248,Shawnee
snh,unat1236,Shinabo
shp,pano1259,Shipibo-Conibo
shh,utoa1244,Shoshoni
jiv,jiva1245,Shuar
shs,sali1255,Shuswap
nsu,utoa1244,Sierra Negra Nahuatl
zaa,otom1299,Sierra de Juárez Zapotec
qws,quec1387,Sihuas Ancash Quechua
sik,book1242,Sikiana
bla,algi1248,Siksika
mks,otom1299,Silacayoapan Mixtec
xts,otom1299,Sindihui Mixtec
xti,otom1299,Sinicahua Mixtec
snn,tuca1253,Siona-Tetete
qum,maya1287,Sipacapense
srq,tupi1275,Sirionó
sri,tuca1253,Siriano
sis,,Siuslaw
lsv,sign1238,Sivia Sign Language
skw,indo1319,Skepi Creole Dutch
cso,otom1299,Sochiapam Chinantec
hax,haid1248,Southern Haida
tce,atha1245,Southern Tutchone
caf,atha1245,Southern Carrier
xsl,atha1245,South Slavey
tix,kiow1265,Southern Tiwa
slh,sali1255,Southern Puget Sound Salish
twr,utoa1244,Southwestern Tarahumara
tcu,utoa1244,Southeastern Tarahumara
npl,utoa1244,Southeastern Puebla Nahuatl
stp,utoa1244,Southeastern Tepehuan
tla,utoa1244,Southwestern Tepehuan
crj,algi1248,Southern East Cree
pom,pomo1273,Southeastern Pomo
peq,pomo1273,Southern Pomo
skd,miwo1274,Southern Sierra Miwok
enx,leng1261,Enxet Sur
qup,quec1387,Southern Pastaza Quechua
quh,quec1387,South Bolivian Quechua
qxo,quec1387,Southern Conchucos Ancash Quechua
nab,namb1299,Southern Nambikuára
ayc,ayma1253,Southern Aymara
pmz,otom1299,Southern Pame
meh,otom1299,Southwestern Tlaxiaco Mixtec
mit,otom1299,Southern Puebla Mixtec
mxy,otom1299,Southeastern Nochixtlán Mixtec
zpd,otom1299,Southeastern Ixtlán Zapotec
cpy,araw1281,South Ucayali Ashéninka
vmq,otom1299,Soyaltepec Mixtec
vmp,otom1299,Soyaltepec Mazatec
spo,sali1255,Spokane
squ,sali1255,Squamish
srn,indo1319,Sranan Tongo
sto,siou1252,Stoney
str,sali1255,Northern Straits Salish
sut,otom1299,Subtiaba
mdz,tupi1275,Suruí Do Pará
sru,tupi1275,Suruí
swx,araw1282,Suruahá
sqn,iroq1247,Susquehannock
suy,nucl1710,Suyá
csw,algi1248,Swampy Cree
zoq,mixe1284,Tabasco Zoque
nhc,utoa1244,Tabasco Nahuatl
chf,maya1287,Tabasco Chontal
zat,otom1299,Tabaa Zapotec
tna,pano1259,Tacana
xtt,otom1299,Tacahua-Yolotepec Mixtec
mtz,book1242,Tacanec
tgx,atha1245,Tagish
tht,atha1245,Tahltan
tnq,araw1281,Taino
tkm,,Takelma
tzl,arti1236,Talossan
tmz,cari1283,Tamanaku
vmx,otom1299,Tamazola Mixtec
ten,tuca1253,Tama (Colombia)
tfn,atha1245,Dena'ina
tcb,atha1245,Tanacross
tnc,tuca1253,Tanimuca-Retuarã
qcs,mixe1284,Tapachultec
tbb,book1242,Tapeba
tpj,tupi1275,Tapieté
taf,tupi1275,Tapirapé
tae,araw1281,Tariana
tdm,,Taruma
cta,otom1299,Tataltepec Chatino
tav,tuca1253,Tatuyo
trr,,Taushiro
xtw,namb1299,Tawandê
tcw,toto1251,Tecpatlán Totonac
teh,chon1288,Tehuelche
ztt,otom1299,Tejalapan Zapotec
ttc,maya1287,Tektiteko
nhv,utoa1244,Temascaltepec Nahuatl
tqb,tupi1275,Tenetehara
ott,otom1299,Temoaya Otomi
quw,quec1387,Tena Lowland Quichua
otn,otom1299,Tenango Otomi
pah,tupi1275,Tenharim-Parintintin-Diahoi
tqn,saha1239,Tenino
tep,utoa1244,Tepecano
cnt,otom1299,Tepetotutla Chinantec
cux,otom1299,Tepeuxila Cuicatec
cte,otom1299,Tepinapa Chinantec
ter,araw1281,Terena-Kinikinao-Chane
tfr,chib1249,Teribe
nhg,utoa1244,Tetelcingo Nahuatl
teb,book1242,Tetete
cut,otom1299,Teutila Cuicatec
tew,kiow1265,Rio Grande Tewa
otx,otom1299,Texcatepec Otomi
poq,mixe1284,Texistepec Popoluca
zpz,otom1299,Texmelucan Zapotec
mxb,otom1299,Tezoatlán Mixtec
thp,sali1255,Thompson
tca,ticu1244,Ticuna
mtx,otom1299,Tidaá Mixtec
xtl,otom1299,Tijaltepec Mixtec
otl,otom1299,Tilapa Otomi
til,sali1255,Tillamook
zts,otom1299,Tilquiapan Zapotec
tjm,,Timucua
tgv,book1242,Tingui-Boto
tit,,Tinigua
tpt,toto1251,Tlachichilco Tepehua
tpl,otom1299,Tlacoapa Me'phaa
ctl,otom1299,Tlacoatzintepec Chinantec
zpk,otom1299,Tlacolulita Zapotec
mxp,mixe1284,Tlahuitoltepec Mixe
nuz,utoa1244,Tlamacazapa Nahuatl
mqh,otom1299,Tlazoyaltepec Mixtec
tli,atha1245,Tlingit
tmf,leng1261,Toba-Enenlhet
tob,guai1249,Toba
tgh,indo1319,Tobagonian Creole English
asu,tupi1275,Tocantins Asurini
ood,utoa1244,Tohono O'odham
toj,maya1287,Tojolabal
tok,arti1236,Toki Pona
jic,jica1245,Tol
tol,atha1245,Tolowa-Chetco
toe,book1242,Tomedes
xgf,utoa1244,Tongva
tqw,,Tonkawa
trz,chap1271,Torá
tno,pano1259,Toromono
mto,mixe1284,Totontepec Mixe
ttk,barb1265,Totoro
zph,otom1299,Totomachapan Zapotec
tme,unat1236,Tremembé
trn,araw1281,Trinitario-Javeriano-Loretano
trf,indo1319,Trinidadian Creole English
lst,sign1238,Modern Trinidad and Tobago Sign Language
tri,cari1283,Trió
tka,unat1236,Truká
tpy,,Trumai
txc,atha1245,Tsetsaut
nrt,kala1402,Tualatin-Yamhill
tub,utoa1244,Tübatulabal
tbu,utoa1244,Tubar
tuo,tuca1253,Tucano
tkf,unat1236,Tukumanféd
tun,,Tunica
tpr,tupi1275,Tuparí
tpn,tupi1275,Tupinambá
twt,tupi1275,Turiwára
tch,indo1319,Turks And Caicos Creole English
tus,iroq1247,Tuscarora
tta,siou1252,Tutelo
tuu,atha1245,Tututni
mtu,otom1299,Tututepec Mixtec
tud,,Tuxá
tux,pano1259,Tuxináwa
tue,tuca1253,Tuyuca
twa,sali1255,Twana
tzh,maya1287,Tzeltal
tzb,book1242,"Tzeltal, Bachajón"
tzo,maya1287,Tzotzil
tzs,book1242,"Tzotzil, San Andrés Larrainzar"
tzu,book1242,"Tzotzil, Huixtán"
tzc,book1242,"Tzotzil, Chamula"
tze,book1242,"Tzotzil, Chenalhó"
tzz,book1242,"Tzotzil, Zinacantán"
tzj,maya1287,Tz'utujil
tzt,book1242,"Tz'utujil, Western"
uam,uncl1493,Uamué
cpb,araw1281,Ucayali-Yurúa Ashéninka
ulw,misu1242,Ulwa
uma,saha1239,Umatilla
umo,boro1281,Umotína
unm,algi1248,Unami
tku,toto1251,Upper Necaxa Totonac
xup,atha1245,Upper Umpqua
tau,atha1245,Upper Tanana
kuu,atha1245,Upper Kuskokwim
cjh,sali1255,Upper Chehalis
ura,,Urarina
uks,sign1238,Urubú-Kaapor Sign Language
urb,tupi1275,Urubú-Kaapor
urz,tupi1275,Uru-Eu-Wau-Wau
ugy,sign1238,Uruguayan Sign Language
uru,tupi1275,Urumi
urp,uncl1493,Uru-Pa-In
ure,uruc1242,Uru
cuc,otom1299,Usila Chinantec
usp,maya1287,Uspanteco
ute,utoa1244,Ute-Southern Paiute
vmv,maid1262,Valley Maidu
cvn,otom1299,Valle Nacional Chinantec
vsl,sign1238,Venezuelan Sign Language
veo,chum1262,Ventureño
vil,,Vilela
svc,indo1319,Vincentian Creole English
vic,indo1319,Virgin Islands Creole English
wlk,atha1245,Eel River Athabaskan
atr,cari1283,Waimiri-Atroari
bao,tuca1253,Waimaha
waw,cari1283,Waiwai
waf,unat1236,Wakoná
waa,saha1239,Northeast Sahaptin
wam,algi1248,Wampanoag
qyp,algi1248,Wampano
auc,,Waorani
wap,araw1281,Wapishana
wao,yuki1242,Wappo
wba,,Warao
pav,chap1271,Wari'
wac,chin1490,Upper Chinook
was,,Washo
wsu,unat1236,Wasu
wau,araw1281,Waurá
way,cari1283,Wayana
oym,tupi1275,Wayampi
wyr,tupi1275,Wayoró
guc,araw1281,Wayuu
ojw,algi1248,Western Ojibwa
tqt,toto1251,Ozumatlán Totonac
apw,atha1245,Western Apache
ikt,eski1264,Western Canadian Inuktitut
nhw,utoa1244,Western Huasteca Nahuatl
abe,algi1248,Western Abenaki
pua,tara1323,Western Highland Purepecha
kjq,kere1287,Western Keres
knj,maya1287,Akateko
gnw,tupi1275,Western Bolivian Guaraní
jmx,otom1299,Western Juxtlahuaca Mixtec
ctp,otom1299,Western Highland Chatino
tnb,chib1249,Western Tunebo
azn,utoa1244,Western Durango Nahuatl
wic,cadd1255,Wichita
mtp,mata1289,Weenhayek
wlv,mata1289,Vejoz
mzh,mata1289,Güisnay
wit,wint1258,Wintu
wir,tupi1275,Wiraféd
wiy,algi1248,Wiyot
xwc,siou1252,Woccon
cwd,algi1248,Woods Cree
noa,choc1280,Woun Meu
wya,iroq1247,Huron-Wyandot
zax,otom1299,Xadani Zapotec
xkr,nucl1710,Xakriabá
ztg,otom1299,Xanaguía Zapotec
xav,nucl1710,Xavánte
xer,nucl1710,Xerénte
xet,tupi1275,Xetá
too,toto1251,Xicotepec De Juárez Totonac
asn,tupi1275,Xingú Asuriní
xiy,tupi1275,Xipaya
xip,unat1236,Xipináwa
xir,araw1281,Xiriâna
xok,nucl1710,Xokleng
xoo,,Xukurú
yar,cari1283,Yabarana
ybn,araw1281,Yabaâna-Mainatari
yad,peba1241,Yagua
ynu,tuca1253,Yahuna
yak,saha1239,Northwest Sahaptin
xyl,unat1236,Yalakalore
zpu,otom1299,Yalálag Zapotec
yag,,Yámana
yme,peba1241,Yameo
yaa,pano1259,Yaminahua
ynn,,Yana
qur,quec1387,Chaupihuaranga Quechua
ame,araw1281,Yanesha'
guu,yano1268,Yanomamö
wca,yano1268,Yanomám
yaq,utoa1244,Yaqui
zae,otom1299,Yareni Zapotec
yri,book1242,Yarí
yro,yano1268,Yaroame
zty,otom1299,Yatee Zapotec
zav,otom1299,Yatzachi Zapotec
zpb,otom1299,Yautepec Zapotec
qux,quec1387,Yauyos Quechua
yvt,araw1281,Yavitero-Pareni
ywn,pano1259,Yawanawa
yaw,araw1281,Yawalapití
tlc,toto1251,Yecuatla Totonac
pib,araw1281,Yine
yok,yoku1255,Northern Yokuts
xty,otom1299,Yoloxochitl Mixtec
sxk,kala1402,Yoncalla
mts,pano1259,Yora
mpm,otom1299,Yosondúa Mixtec
msd,sign1238,Yucatec Maya Sign Language
yua,maya1287,Yucatec Maya
yuc,,Yuchi
mvg,otom1299,Yucuañe Mixtec
ycn,araw1281,Yucuna
yab,nada1235,Yuhup
yuk,yuki1242,Northern Yukian
yup,cari1283,Yukpa
yuq,tupi1275,Yuqui
yuz,,Yuracaré
yur,algi1248,Yurok
yui,tuca1253,Yurutí
mab,otom1299,Yutanduchi Mixtec
yau,,Hoti
ztx,otom1299,Zaachila Zapotec
nhi,utoa1244,Zacatlán-Ahuacatlán-Tepetzintla Nahuatl
ctz,otom1299,Zacatepec Chatino
zpw,otom1299,Zaniza Zapotec
zro,zapa1251,Záparo
czn,otom1299,Zenzontepec Chatino
pto,tupi1275,Zo'é
zpq,otom1299,Zoogocho Zapotec
zun,,Zuni
